{"py/object": "rasa_core.featurizers.MaxHistoryTrackerFeaturizer", "max_history": 3, "remove_duplicates": true, "state_featurizer": {"py/object": "rasa_core.featurizers.BinarySingleStateFeaturizer", "input_state_map": {"entity_appname": 4, "intent_app": 3, "intent_goodbye": 2, "intent_greet": 0, "intent_thankyou": 1, "prev_action_listen": 6, "prev_action_restart": 7, "prev_utter_ask_appname": 11, "prev_utter_done": 12, "prev_utter_goodbye": 10, "prev_utter_greet": 8, "prev_utter_thankyou": 9, "prev_utter_unknown": 13, "slot_appname_0": 5}, "num_features": 14, "slot_feature_len": 1, "user_feature_len": 5}, "use_intent_probabilities": false}