{"py/object": "rasa_core.featurizers.MaxHistoryTrackerFeaturizer", "max_history": 3, "remove_duplicates": true, "state_featurizer": {"py/object": "rasa_core.featurizers.BinarySingleStateFeaturizer", "input_state_map": {"intent_app": 3, "intent_goodbye": 2, "intent_greet": 0, "intent_thankyou": 1, "prev_action_listen": 4, "prev_action_restart": 5, "prev_utter_ask_appname": 9, "prev_utter_done": 10, "prev_utter_goodbye": 8, "prev_utter_greet": 6, "prev_utter_thankyou": 7, "prev_utter_unknown": 11}, "num_features": 12, "slot_feature_len": 0, "user_feature_len": 4}, "use_intent_probabilities": false}