{
  "action_fingerprints": {
    "action_listen": {
      "slots": []
    },
    "utter_goodbye": {
      "slots": []
    },
    "utter_thankyou": {
      "slots": []
    },
    "utter_greet": {
      "slots": []
    }
  },
  "rasa_core": "0.9.8",
  "max_histories": [
    3,
    3
  ],
  "ensemble_name": "rasa_core.policies.ensemble.SimplePolicyEnsemble",
  "policy_names": [
    "rasa_core.policies.memoization.MemoizationPolicy",
    "rasa_core.policies.keras_policy.KerasPolicy"
  ]
}