{
  "rasa_nlu_data": {
    "common_examples": [
	  {
        "text": "hello",
        "intent": "greet",
        "entities": []
      },
      {
        "text": "hi",
        "intent": "greet",
        "entities": []
      },
      {
        "text": "Hey",
        "intent": "greet",
        "entities": []
      },
      {
        "text": "Hii",
        "intent": "greet",
        "entities": []
      },
      
      {
        "text": "Hola",
        "intent": "greet",
        "entities": []
      },
      {
        "text": "My Application is not working",
        "intent": "app",
        "entities": []
      },
      {
        "text": "My XYZ Application is not working",
        "intent": "app",
        
        "entities": [
          {
            "start": 3,
            "end": 6,
            "value": "XYZ",
            "entity": "appname"
          }
        ]
      }

    ]
  }
}

      