{
  "rasa_nlu_data": {
    "common_examples": [
      {
        "intent": "greet",
        "text": "hey"
      },
      {
        "intent": "greet",
        "text": "howdy"
      },
      {
        "intent": "greet",
        "text": "hey there"
      },
      {
        "intent": "greet",
        "text": "hello"
      },
      {
        "intent": "greet",
        "text": "hi"
      },
      {
        "intent": "greet",
        "text": "good morning"
      },
      {
        "intent": "greet",
        "text": "good evening"
      },
      {
        "intent": "greet",
        "text": "dear sir"
      },
      {
        "intent": "greet",
        "text": "hi bot"
      },
      {
        "intent": "greet",
        "text": "hello bot"
      },
      {
        "intent": "greet",
        "text": "hola"
      },
      {
        "intent": "greet",
        "text": "hey bot"
      },
      {
        "intent": "greet",
        "text": "is anybody there"
      },
      {
        "intent": "goodbye",
        "text": "bye"
      },
      {
        "intent": "goodbye",
        "text": "goodbye"
      },
      {
        "intent": "goodbye",
        "text": "good bye"
      },
      {
        "intent": "goodbye",
        "text": "stop"
      },
      {
        "intent": "goodbye",
        "text": "end"
      },
      {
        "intent": "goodbye",
        "text": "farewell"
      },
      {
        "intent": "goodbye",
        "text": "Bye bye"
      },
      {
        "intent": "goodbye",
        "text": "have a good one"
      },
      {
        "intent": "goodbye",
        "text": "see you later"
      },
      {
        "intent": "goodbye",
        "text": "good night"
      },
      {
        "intent": "goodbye",
        "text": "good nyt"
      },
      {
        "intent": "goodbye",
        "text": "gud nyt"
      },
      {
        "intent": "goodbye",
        "text": "bie"
      },
      {
        "intent": "goodbye",
        "text": "bubie"
      },
      {
        "intent": "goodbye",
        "text": "see you"
      },
      {
        "intent": "goodbye",
        "text": "tata"
      },
      {
        "intent": "goodbye",
        "text": "bye bot"
      },
      {
        "intent": "goodbye",
        "text": "bie bot"
      },
      {
        "intent": "thankyou",
        "text": "thanks"
      },
      {
        "intent": "thankyou",
        "text": "thank you"
      },
      {
        "intent": "thankyou",
        "text": "thank you very much"
      },
      {
        "intent": "thankyou",
        "text": "nice"
      },
      {
        "intent": "app",
        "text": "My app is not working"
      },
      {
        "intent": "app",
        "text": "My app not working"
      },
      {
        "intent": "app",
        "text": "aplication is not working"
      },
      {
        "intent": "app",
        "text": "aplication not working"
      },
      {
        "intent": "app",
        "text": "my aplication is not working"
      },
      {
        "intent": "app",
        "text": "application is not working"
      },
      {
        "intent": "app",
        "text": "my aplication not working"
      },
      {
        "intent": "app",
        "text": "application not working"
      },
      {
        "intent": "app",
        "text": "why my aplication is not working?"
      },
      {
        "intent": "app",
        "text": "my aplication not working properly"
      },
      {
        "intent": "app",
        "text": "my aplication is not working properly"
      },
      {
        "intent": "app",
        "text": "my application not working properly"
      },
      {
        "intent": "app",
        "text": "my application is not working properly"
      },
      {
        "intent": "app",
        "text": "aplication is not working properly"
      },
      {
        "intent": "app",
        "text": "aplication not working properly"
      },
      {
        "intent": "app",
        "text": "application is not working properly"
      },
      {
        "intent": "app",
        "text": "application not working properly"
      },
      {
        "intent": "app",
        "text": "My app is not working properly"
      },
      {
        "intent": "app",
        "text": "My app not working properly"
      },
      {
        "intent": "app",
        "text": "app is not working"
      },
      {
        "intent": "app",
        "text": "app not working"
      },
      {
        "intent": "app",
        "text": "app is not working properly"
      },
      {
        "intent": "app",
        "text": "app not working properly"
      },
      {
        "intent": "app",
        "text": "app got crashed"
      },
      {
        "intent": "app",
        "text": "my app got crashed"
      },
      {
        "intent": "app",
        "text": "my application got crashed"
      },
      {
        "intent": "app",
        "text": "my aplication got crashed"
      },
      {
        "intent": "app",
        "text": "application got crashed"
      },
      {
        "intent": "app",
        "text": "aplication got crashed"
      },
      {
        "intent": "app",
        "text": "application is not working, please fix the issue"
      },
      {
        "intent": "app",
        "text": "my application is not working, please fix the issue"
      },
      {
        "intent": "app",
        "text": "aplication is not working, please fix the issue"
      },
      {
        "intent": "app",
        "text": "my aplication is not working, please fix the issue"
      }
    ],
    "regex_features": [],
    "lookup_tables": [],
    "entity_synonyms": []
  }
}